"0","https://www.nytimes.com/2019/04/10/science/falcon-heavy-launch-spacex.html?partner=bloomberg"
"0","https://www.nytimes.com/2019/04/10/world/americas/pence-venezuela-un-envoy.html?partner=bloomberg"
"0","https://www.nytimes.com/2019/04/10/us/politics/william-barr-jeffrey-rosen-hearings.html?partner=bloomberg"
"0","https://www.nytimes.com/2019/04/10/world/middleeast/benjamin-netanyahu-israel-election.html?partner=bloomberg"
"0","https://www.nytimes.com/2019/04/10/science/black-hole-picture.html?partner=bloomberg"
"0","https://www.nytimes.com/2019/04/10/movies/black-hole-movies-streaming.html?partner=bloomberg"
"0","https://www.nytimes.com/2019/04/10/style/modern-love-podcast-anna-chlumsky.html?partner=bloomberg"
"0","https://www.nytimes.com/2019/04/10/business/dealbook/fake-news-facebook-twitter.html?partner=bloomberg"
"0","https://www.nytimes.com/2019/04/10/nyregion/nyc-gps-wireless.html?partner=bloomberg"
"0","https://www.nytimes.com/2019/04/09/world/middleeast/israel-elections-netanyahu-gantz.html?partner=bloomberg"
"0","https://www.nytimes.com/2019/04/10/us/politics/barr-mueller-report.html?partner=bloomberg"
"0","https://www.nytimes.com/2019/04/10/world/middleeast/israel-election-netanyahu-gantz-winner.html?partner=bloomberg"
"0","https://www.nytimes.com/2019/04/10/us/politics/trump-tax-returns-treasury.html?partner=bloomberg"
"0","https://www.nytimes.com/2019/04/09/health/measles-outbreak-vaccinations-brooklyn.html?partner=bloomberg"
"0","https://www.nytimes.com/2019/04/09/world/middleeast/israel-election-results.html?partner=bloomberg"
"0","https://www.nytimes.com/2019/04/10/science/black-hole-picture.html?partner=bloomberg"
"0","https://www.nytimes.com/2019/04/09/sports/luis-severino-yankees.html?partner=bloomberg"
"1","https://www.nytimes.com/2019/04/10/opinion/insurance-ai.html?partner=bloomberg"
"0","https://www.nytimes.com/2019/04/10/arts/dance/fosse-verdon-dance.html?partner=bloomberg"
"0","https://www.nytimes.com/2019/04/10/science/what-is-black-hole.html?partner=bloomberg"
"0","https://www.nytimes.com/2019/04/09/pageoneplus/corrections-april-10-2019.html?partner=bloomberg"
"0","https://www.nytimes.com/2019/04/10/us/politics/fed-minutes-growth.html?partner=bloomberg"
"0","https://www.nytimes.com/2019/04/09/us/politics/minneapolis-police-shooting-mohamed-noor.html?partner=bloomberg"
"0","https://www.nytimes.com/2019/04/09/us/lori-loughlin-update.html?partner=bloomberg"
"0","https://www.nytimes.com/2019/04/10/magazine/lgbt-military-army.html?partner=bloomberg"
"0","https://www.nytimes.com/2019/04/10/us/politics/trump-immigration-asylum.html?partner=bloomberg"
"0","https://www.nytimes.com/2019/04/10/business/china-economy-debt-tianjin.html?partner=bloomberg"
"0","https://www.nytimes.com/2019/04/10/climate/climate-newsletter-lawns.html?partner=bloomberg"
"0","https://www.nytimes.com/2019/04/09/sports/chris-davis-hitless-streak.html?partner=bloomberg"
"0","https://www.nytimes.com/2019/04/09/us/politics/mick-mulvaney-homeland-security.html?partner=bloomberg"
"0","https://www.nytimes.com/2019/04/10/sports/umass-frozen-four.html?partner=bloomberg"
"0","https://www.nytimes.com/2019/04/10/us/politics/william-barr-jeffrey-rosen-hearings.html?partner=bloomberg"
"0","https://www.nytimes.com/2019/04/10/arts/design/harlem-school-of-the-arts-renovation.html?partner=bloomberg"
"0","https://www.nytimes.com/2019/04/10/well/move/sitting-for-more-than-13-hours-a-day-may-sabotage-the-benefits-of-exercise.html?partner=bloomberg"
"0","https://www.nytimes.com/2019/04/10/briefing/black-hole-william-barr-human-species.html?partner=bloomberg"
"0","https://www.nytimes.com/2019/04/09/nyregion/fdny-firefighter-killed-afghanistan.html?partner=bloomberg"
"0","https://www.nytimes.com/2019/04/09/nyregion/broadnax-seethaler-pietropola.html?partner=bloomberg"
"0","https://www.nytimes.com/2019/04/09/us/politics/pompeo-israel-west-bank.html?partner=bloomberg"
"0","https://www.nytimes.com/2019/04/09/nyregion/broadnax-seethaler-pietropola.html?partner=bloomberg"
"0","https://www.nytimes.com/2019/04/09/us/lori-loughlin-update.html?partner=bloomberg"
"0","https://www.nytimes.com/2019/04/10/technology/amazon-microsoft-jedi-pentagon.html?partner=bloomberg"
"0","https://www.nytimes.com/2019/04/10/obituaries/rose-morgan-overlooked.html?partner=bloomberg"
"1","https://www.nytimes.com/2019/04/10/opinion/democratic-candidates-primaries.html?partner=bloomberg"
"0","https://www.nytimes.com/2019/04/10/science/homo-luzonensis-philippines-evolution.html?partner=bloomberg"
"0","https://www.nytimes.com/2019/04/10/briefing/israel-india-black-hole.html?partner=bloomberg"
"0","https://www.nytimes.com/2019/04/09/sports/luis-severino-yankees.html?partner=bloomberg"
"0","https://www.nytimes.com/2019/04/09/sports/soccer/abby-wambach-soccer-wolfpack.html?partner=bloomberg"
"0","https://www.nytimes.com/2019/04/10/us/politics/elizabeth-warren-taxes.html?partner=bloomberg"
"0","https://www.nytimes.com/2019/04/10/sports/magic-johnson-los-angeles-lakers-lebron-james.html?partner=bloomberg"
"0","https://www.nytimes.com/2019/04/10/business/turkey-economy-erdogan.html?partner=bloomberg"
"0","https://www.nytimes.com/2019/04/10/technology/uber-ipo-valuation.html?partner=bloomberg"
"0","https://www.nytimes.com/2019/04/09/world/middleeast/israel-elections-netanyahu-gantz.html?partner=bloomberg"
"0","https://www.nytimes.com/2019/04/10/world/middleeast/israel-election-netanyahu-gantz-winner.html?partner=bloomberg"
"0","https://www.nytimes.com/2019/04/10/science/black-hole-picture.html?partner=bloomberg"
"1","https://www.nytimes.com/2019/04/09/opinion/trump-stock-market-results.html?partner=bloomberg"
"0","https://www.nytimes.com/2019/04/09/world/middleeast/israel-election-results.html?partner=bloomberg"
"0","https://www.nytimes.com/2019/04/10/style/self-care/cardi-b-beautycon.html?partner=bloomberg"
"0","https://www.nytimes.com/2019/04/10/technology/amazon-climate-change-letter.html?partner=bloomberg"
"0","https://www.nytimes.com/2019/04/10/movies/stockholm-review.html?partner=bloomberg"
"0","https://www.nytimes.com/2019/04/10/learning/how-should-your-senior-year-in-high-school-be-spent.html?partner=bloomberg"
"0","https://www.nytimes.com/2019/04/10/business/dealbook/imf-growth-economy.html?partner=bloomberg"
"0","https://www.nytimes.com/2019/04/10/arts/design/museum-of-fine-arts-boston-fashion-review.html?partner=bloomberg"
"0","https://www.nytimes.com/2019/04/09/sports/kyle-korver-white-privilege.html?partner=bloomberg"
"0","https://www.nytimes.com/2019/04/10/world/middleeast/benny-gantz-israel.html?partner=bloomberg"
"0","https://www.nytimes.com/2019/04/10/world/asia/missing-f35-japan-stealth-fighter.html?partner=bloomberg"
"0","https://www.nytimes.com/2019/04/10/world/middleeast/israel-election-netanyahu-gantz-winner.html?partner=bloomberg"
"0","https://www.nytimes.com/2019/04/09/health/measles-outbreak-vaccinations-brooklyn.html?partner=bloomberg"
"0","https://www.nytimes.com/2019/04/10/us/politics/trump-texas-immigration-border.html?partner=bloomberg"
"0","https://www.nytimes.com/2019/04/09/todayspaper/quotation-of-the-day-fed-picks-audition-for-an-audience-of-one.html?partner=bloomberg"
"0","https://www.nytimes.com/2019/04/10/learning/10WODLN.html?partner=bloomberg"
"0","https://www.nytimes.com/2019/04/10/magazine/fried-cauliflower-recipe.html?partner=bloomberg"
"0","https://www.nytimes.com/2019/04/09/nyregion/broadnax-seethaler-pietropola.html?partner=bloomberg"
"0","https://www.nytimes.com/2019/04/10/us/alaska-ice-melting.html?partner=bloomberg"
"0","https://www.nytimes.com/2019/04/10/learning/how-should-your-senior-year-in-high-school-be-spent.html?partner=bloomberg"
"0","https://www.nytimes.com/2019/04/10/arts/andres-serrano-lets-objects-do-the-talking.html?partner=bloomberg"
"0","https://www.nytimes.com/2019/04/10/sports/luke-heimlich-mexican-league.html?partner=bloomberg"
"0","https://www.nytimes.com/2019/04/10/obituaries/jean-louis-david-dead.html?partner=bloomberg"
"0","https://www.nytimes.com/2019/04/10/technology/uber-ipo.html?partner=bloomberg"
"0","https://www.nytimes.com/2019/04/10/world/europe/uk-eu-brexit-extension.html?partner=bloomberg"
"0","https://www.nytimes.com/2019/04/10/business/dealbook/imf-growth-economy.html?partner=bloomberg"
"0","https://www.nytimes.com/2019/04/09/nyregion/measles-vaccination-williamsburg.html?partner=bloomberg"
"0","https://www.nytimes.com/2019/04/09/sports/kyle-korver-white-privilege.html?partner=bloomberg"
"0","https://www.nytimes.com/2019/04/10/world/asia/taiwan-china-united-states.html?partner=bloomberg"
"0","https://www.nytimes.com/2019/04/09/world/africa/sudan-protests-al-bashir-army-clash.html?partner=bloomberg"
"0","https://www.nytimes.com/2019/04/10/sports/michigan-state-rape.html?partner=bloomberg"
"0","https://www.nytimes.com/2019/04/09/pageoneplus/corrections-april-10-2019.html?partner=bloomberg"
"0","https://www.nytimes.com/2019/04/09/sports/uswnt-bonuses-equal-pay.html?partner=bloomberg"
"0","https://www.nytimes.com/2019/04/10/world/australia/vegans-protest-farms.html?partner=bloomberg"
"0","https://www.nytimes.com/2019/04/10/us/politics/william-barr-jeffrey-rosen-hearings.html?partner=bloomberg"
"0","https://www.nytimes.com/2019/04/10/us/politics/william-barr-jeffrey-rosen-hearings.html?partner=bloomberg"
"0","https://www.nytimes.com/2019/04/10/sports/magic-johnson-los-angeles-lakers-lebron-james.html?partner=bloomberg"
"0","https://www.nytimes.com/2019/04/09/us/politics/mick-mulvaney-homeland-security.html?partner=bloomberg"
"1","https://www.nytimes.com/2019/04/10/opinion/democratic-candidates-primaries.html?partner=bloomberg"
"1","https://www.nytimes.com/2019/04/10/opinion/climate-change-green-new-deal.html?partner=bloomberg"
"0","https://www.nytimes.com/2019/04/10/theater/norma-jeane-baker-of-troy-review.html?partner=bloomberg"
"0","https://www.nytimes.com/2019/04/10/world/middleeast/israel-election-netanyahu-gantz-winner.html?partner=bloomberg"
"1","https://www.nytimes.com/2019/04/09/opinion/federal-reserve-fed-economy-trump.html?partner=bloomberg"
"1","https://www.nytimes.com/2019/04/10/opinion/privacy-feminism.html?partner=bloomberg"
"1","https://www.nytimes.com/2019/04/10/opinion/irs-free-tax-preparation-turbotax.html?partner=bloomberg"
"0","https://www.nytimes.com/2019/04/09/world/europe/germany-isis-trial.html?partner=bloomberg"
"0","https://www.nytimes.com/2019/04/10/business/trump-congo.html?partner=bloomberg"
"0","https://www.nytimes.com/2019/04/10/science/mars-methane-life.html?partner=bloomberg"
"0","https://www.nytimes.com/2019/04/10/us/politics/trump-tax-returns-treasury.html?partner=bloomberg"
"0","https://www.nytimes.com/2019/04/10/arts/music/t-bone-burnett-invisible-light.html?partner=bloomberg"
"0","https://www.nytimes.com/2019/04/09/sports/magic-johnson-quits-steps-down-lakers.html?partner=bloomberg"
"0","https://www.nytimes.com/2019/04/10/us/politics/bernie-sanders-medicare-for-all.html?partner=bloomberg"
"0","https://www.nytimes.com/2019/04/10/science/black-hole-picture.html?partner=bloomberg"
"0","https://www.nytimes.com/2019/04/10/world/middleeast/benjamin-netanyahu-israel-election.html?partner=bloomberg"
"0","https://www.nytimes.com/2019/04/10/science/homo-luzonensis-philippines-evolution.html?partner=bloomberg"
"0","https://www.nytimes.com/2019/04/10/world/death-penalty-iran-amnesty-international.html?partner=bloomberg"
"0","https://www.nytimes.com/2019/04/09/sports/luis-severino-yankees.html?partner=bloomberg"
"0","https://www.nytimes.com/2019/04/09/us/politics/mick-mulvaney-homeland-security.html?partner=bloomberg"
"0","https://www.nytimes.com/2019/04/10/briefing/israel-trump-russia-investigation-pakistan.html?partner=bloomberg"
"0","https://www.nytimes.com/2019/04/10/us/immigration-border-trump-asylum.html?partner=bloomberg"
"0","https://www.nytimes.com/2019/04/09/arts/television/amazon-india-made-in-heaven.html?partner=bloomberg"
"0","https://www.nytimes.com/2019/04/10/science/what-is-black-hole.html?partner=bloomberg"
"0","https://www.nytimes.com/es/2019/04/09/universal/es/el-times-noticias-miercoles.html?partner=bloomberg"
"0","https://www.nytimes.com/2019/04/10/us/alaska-ice-melting.html?partner=bloomberg"
"0","https://www.nytimes.com/2019/04/10/business/china-economy-debt-tianjin.html?partner=bloomberg"
"0","https://www.nytimes.com/2019/04/09/health/measles-outbreak-vaccinations-brooklyn.html?partner=bloomberg"
"0","https://www.nytimes.com/2019/04/10/business/dealbook/fake-news-facebook-twitter.html?partner=bloomberg"
"0","https://www.nytimes.com/2019/04/09/arts/design/lacma-design-peter-zumthor.html?partner=bloomberg"
"0","https://www.nytimes.com/2019/04/10/sports/basketball/Magic-resigns-lakers.html?partner=bloomberg"
"0","https://www.nytimes.com/2019/04/10/arts/television/fallon-meyers-joe-biden.html?partner=bloomberg"
"0","https://www.nytimes.com/2019/04/10/movies/jim-jarmusch-the-dead-dont-die-cannes-film-festival.html?partner=bloomberg"
"0","https://www.nytimes.com/2019/04/09/parenting/how-to-keep-kids-art-from-cluttering-up-your-home.html?partner=bloomberg"
"0","https://www.nytimes.com/2019/04/10/us/politics/bernie-sanders-medicare-for-all.html?partner=bloomberg"
"0","https://www.nytimes.com/2019/04/10/science/black-hole-picture.html?partner=bloomberg"
"1","https://www.nytimes.com/2019/04/10/opinion/brazil-bolsonaro-militias.html?partner=bloomberg"
"0","https://www.nytimes.com/2019/04/09/us/texas-tech-affirmative-action.html?partner=bloomberg"
"1","https://www.nytimes.com/2019/04/10/opinion/venezuela-julio-borges.html?partner=bloomberg"
"0","https://www.nytimes.com/2019/04/10/world/americas/pence-venezuela-un-envoy.html?partner=bloomberg"
"0","https://www.nytimes.com/2019/04/09/style/hudson-yards-shoppers.html?partner=bloomberg"
"0","https://www.nytimes.com/2019/04/09/arts/music/ben-monder-david-torn.html?partner=bloomberg"
"0","https://www.nytimes.com/2019/04/10/us/politics/william-barr-jeffrey-rosen-hearings.html?partner=bloomberg"
"0","https://www.nytimes.com/2019/04/09/arts/design/lacma-design-peter-zumthor.html?partner=bloomberg"
"0","https://www.nytimes.com/2019/04/10/style/the-prom-broadway-killing-eve-premiere-party.html?partner=bloomberg"
"0","https://www.nytimes.com/2019/04/10/sports/michigan-st-discouraged-reporting-of-rape-allegation-against-athletes-woman-says.html?partner=bloomberg"
"0","https://www.nytimes.com/2019/04/09/books/man-booker-international-prize-shortlist.html?partner=bloomberg"
"0","https://www.nytimes.com/2019/04/10/briefing/israel-trump-russia-investigation-pakistan.html?partner=bloomberg"
"0","https://www.nytimes.com/2019/04/10/sports/magic-johnson-los-angeles-lakers-lebron-james.html?partner=bloomberg"
"0","https://www.nytimes.com/2019/04/10/realestate/1-1-million-homes-in-california-florida-and-new-york.html?partner=bloomberg"
"0","https://www.nytimes.com/2019/04/10/briefing/israel-donald-trump-magic-johnson.html?partner=bloomberg"
"0","https://www.nytimes.com/2019/04/09/us/mar-a-lago-undocumented-workers.html?partner=bloomberg"
"0","https://www.nytimes.com/es/2019/04/09/universal/es/el-times-noticias-miercoles.html?partner=bloomberg"
"0","https://www.nytimes.com/2019/04/10/technology/amazon-microsoft-jedi-pentagon.html?partner=bloomberg"
"0","https://www.nytimes.com/2019/04/10/briefing/israel-donald-trump-magic-johnson.html?partner=bloomberg"
"0","https://www.nytimes.com/2019/04/10/us/politics/trump-texas-immigration-border.html?partner=bloomberg"
"0","https://www.nytimes.com/2019/04/10/science/black-hole-picture.html?partner=bloomberg"
"0","https://www.nytimes.com/2019/04/10/business/fisher-price-rock-n-play-recall-infant-deaths.html?partner=bloomberg"
"0","https://www.nytimes.com/2019/04/10/travel/jetblue-london-new-york-boston.html?partner=bloomberg"
"0","https://www.nytimes.com/2019/04/10/nyregion/newyorktoday/nyc-news-measles-outbreak-brooklyn.html?partner=bloomberg"
"0","https://www.nytimes.com/2019/04/10/world/asia/taiwan-china-united-states.html?partner=bloomberg"
"0","https://www.nytimes.com/2019/04/10/world/middleeast/israel-election-netanyahu-gantz-winner.html?partner=bloomberg"
"0","https://www.nytimes.com/2019/04/10/health/concussion-nfl-football-cte.html?partner=bloomberg"
"0","https://www.nytimes.com/2019/04/10/arts/television/our-planet-netflix-review.html?partner=bloomberg"
"1","https://www.nytimes.com/2019/04/09/opinion/doctors-drug-resistant-infections.html?partner=bloomberg"
"0","https://www.nytimes.com/2019/04/10/reader-center/mark-zuckerberg-trash-picker-reporting.html?partner=bloomberg"
"0","https://www.nytimes.com/2019/04/10/obituaries/lawrence-rhodes-dead.html?partner=bloomberg"
"0","https://www.nytimes.com/2019/04/09/movies/sauvage-wild-review.html?partner=bloomberg"
"0","https://www.nytimes.com/2019/04/09/us/politics/devin-nunes-fresno-bee-lawsuit.html?partner=bloomberg"
"1","https://www.nytimes.com/2019/04/09/opinion/insulin-drug-price-increase.html?partner=bloomberg"
"0","https://www.nytimes.com/2019/04/10/us/politics/william-barr-jeffrey-rosen-hearings.html?partner=bloomberg"
"0","https://www.nytimes.com/2019/04/10/arts/design/hilma-af-klint-guggenheim.html?partner=bloomberg"
"0","https://www.nytimes.com/2019/04/10/us/politics/faa-737-max-grounding-.html?partner=bloomberg"
"0","https://www.nytimes.com/2019/04/09/us/politics/mick-mulvaney-homeland-security.html?partner=bloomberg"
"0","https://www.nytimes.com/2019/04/10/style/the-prom-broadway-killing-eve-premiere-party.html?partner=bloomberg"
"0","https://www.nytimes.com/2019/04/10/arts/design/ralph-rugoff-venice-biennale.html?partner=bloomberg"
"0","https://www.nytimes.com/2019/04/10/world/middleeast/netanyahu-palestinians-middle-east.html?partner=bloomberg"
"0","https://www.nytimes.com/2019/04/10/us/immigration-border-trump-asylum.html?partner=bloomberg"
"0","https://www.nytimes.com/2019/04/10/us/politics/william-barr-jeffrey-rosen-hearings.html?partner=bloomberg"
"0","https://www.nytimes.com/2019/04/10/business/trump-tax-returns.html?partner=bloomberg"
"0","https://www.nytimes.com/2019/04/09/obituaries/marilynn-smith-dead.html?partner=bloomberg"
"1","https://www.nytimes.com/2019/04/10/opinion/editorials/israel-election-netanyahu-trump.html?partner=bloomberg"
"0","https://www.nytimes.com/2019/04/09/world/asia/india-bishop-nun-rape.html?partner=bloomberg"
"0","https://www.nytimes.com/2019/04/10/technology/facebook-dead-users-happy-birthday.html?partner=bloomberg"
"0","https://www.nytimes.com/2019/04/10/us/bay-area-homeless-population.html?partner=bloomberg"
"0","https://www.nytimes.com/2019/04/10/learning/learning-with-lil-nas-x-added-billy-ray-cyrus-to-old-town-road-is-it-country-enough-for-billboard-now.html?partner=bloomberg"
"0","https://www.nytimes.com/2019/04/10/us/politics/elizabeth-warren-fundraising-taxes-net-worth.html?partner=bloomberg"
"0","https://www.nytimes.com/2019/04/10/realestate/cold-spring-ny-a-sylvan-village-that-beckons-city-commuters.html?partner=bloomberg"
"0","https://www.nytimes.com/2019/04/09/nyregion/broadnax-seethaler-pietropola.html?partner=bloomberg"
"0","https://www.nytimes.com/2019/04/10/world/asia/new-zealand-guns-jacinda-ardern.html?partner=bloomberg"
"0","https://www.nytimes.com/2019/04/10/us/politics/fed-minutes-growth.html?partner=bloomberg"
"0","https://www.nytimes.com/2019/04/10/movies/a-very-curious-girl-restoration.html?partner=bloomberg"
"0","https://www.nytimes.com/2019/04/10/us/bay-area-homeless-population.html?partner=bloomberg"
"0","https://www.nytimes.com/2019/04/10/world/middleeast/netanyahus-road-through-israels-history.html?partner=bloomberg"
"0","https://www.nytimes.com/2019/04/10/world/asia/missing-f35-japan-stealth-fighter.html?partner=bloomberg"
"0","https://www.nytimes.com/2019/04/10/science/falcon-heavy-launch-spacex.html?partner=bloomberg"
"0","https://www.nytimes.com/2019/04/09/world/middleeast/elections-israel.html?partner=bloomberg"
"0","https://www.nytimes.com/2019/04/10/t-magazine/laila-gohar-jeremiah-stone-america-future.html?partner=bloomberg"
"0","https://www.nytimes.com/2019/04/09/us/politics/mick-mulvaney-homeland-security.html?partner=bloomberg"
"1","https://www.nytimes.com/2019/04/09/opinion/federal-reserve-fed-economy-trump.html?partner=bloomberg"
"0","https://www.nytimes.com/2019/04/09/todayspaper/quotation-of-the-day-fed-picks-audition-for-an-audience-of-one.html?partner=bloomberg"
"0","https://www.nytimes.com/2019/04/10/briefing/israel-donald-trump-magic-johnson.html?partner=bloomberg"
"0","https://www.nytimes.com/2019/04/10/movies/black-hole-movies-streaming.html?partner=bloomberg"
"0","https://www.nytimes.com/2019/04/10/world/asia/bees-living-in-eye-tears.html?partner=bloomberg"
"0","https://www.nytimes.com/2019/04/10/nyregion/newyorktoday/nyc-news-measles-outbreak-brooklyn.html?partner=bloomberg"
"0","https://www.nytimes.com/2019/04/09/us/politics/trump-abdel-fattah-el-sisi.html?partner=bloomberg"
"0","https://www.nytimes.com/2019/04/10/business/trump-congo.html?partner=bloomberg"
"1","https://www.nytimes.com/2019/04/10/opinion/internet-privacy-resources.html?partner=bloomberg"
"0","https://www.nytimes.com/2019/04/09/world/middleeast/israel-election-results.html?partner=bloomberg"
"0","https://www.nytimes.com/2019/04/10/sports/basketball/magic-johnson-lakers.html?partner=bloomberg"
"0","https://www.nytimes.com/2019/04/10/arts/television/our-planet-netflix-review.html?partner=bloomberg"
"0","https://www.nytimes.com/2019/04/10/sports/tiger-woods-masters.html?partner=bloomberg"
"0","https://www.nytimes.com/2019/04/10/arts/design/bqe-construction-nyc.html?partner=bloomberg"
"0","https://www.nytimes.com/2019/04/09/dining/best-cookbooks.html?partner=bloomberg"
"0","https://www.nytimes.com/2019/04/10/us/politics/barr-trump-campaign-spying.html?partner=bloomberg"
"0","https://www.nytimes.com/2019/04/10/us/politics/pete-buttigieg-sexuality-religion.html?partner=bloomberg"
"0","https://www.nytimes.com/2019/04/09/health/measles-outbreak-vaccinations-brooklyn.html?partner=bloomberg"
"0","https://www.nytimes.com/2019/04/09/us/politics/federal-reserve-chairman.html?partner=bloomberg"
"0","https://www.nytimes.com/2019/04/10/business/energy-environment/trump-oil-gas-pipelines.html?partner=bloomberg"
"0","https://www.nytimes.com/2019/04/10/world/europe/holy-stairs-rome-restoration.html?partner=bloomberg"
"0","https://www.nytimes.com/2019/04/10/us/politics/trump-texas-crosby.html?partner=bloomberg"
"1","https://www.nytimes.com/2019/04/10/opinion/israel-election-benjamin-netanyahu.html?partner=bloomberg"
"0","https://www.nytimes.com/2019/04/10/style/self-care/cardi-b-beautycon.html?partner=bloomberg"
"0","https://www.nytimes.com/2019/04/10/sports/nhl-draft-devils-rangers.html?partner=bloomberg"
"0","https://www.nytimes.com/2019/04/09/nyregion/pedro-hernandez-bail-arrest.html?partner=bloomberg"
"0","https://www.nytimes.com/2019/04/10/us/politics/william-barr-jeffrey-rosen-hearings.html?partner=bloomberg"
"0","https://www.nytimes.com/2019/04/10/world/americas/pence-venezuela-un-envoy.html?partner=bloomberg"
"1","https://www.nytimes.com/2019/04/10/opinion/israel-election-benjamin-netanyahu.html?partner=bloomberg"
"1","https://www.nytimes.com/2019/04/10/opinion/irs-free-tax-preparation-turbotax.html?partner=bloomberg"
"0","https://www.nytimes.com/2019/04/10/movies/little-review.html?partner=bloomberg"
"0","https://www.nytimes.com/2019/04/10/arts/nolde-nazi-exhibition-berlin-merkel.html?partner=bloomberg"
"0","https://www.nytimes.com/2019/04/10/us/immigration-border-mexico.html?partner=bloomberg"
"0","https://www.nytimes.com/2019/04/10/nyregion/nyc-gps-wireless.html?partner=bloomberg"
"1","https://www.nytimes.com/2019/04/10/opinion/genetic-testing-privacy.html?partner=bloomberg"
"0","https://www.nytimes.com/2019/04/10/business/turkey-economy-erdogan.html?partner=bloomberg"
"0","https://www.nytimes.com/2019/04/10/us/politics/pete-buttigieg-sexuality-religion.html?partner=bloomberg"
"0","https://www.nytimes.com/2019/04/09/us/politics/mick-mulvaney-homeland-security.html?partner=bloomberg"
"0","https://www.nytimes.com/2019/04/10/nyregion/rod-covlin-sentencing.html?partner=bloomberg"
"0","https://www.nytimes.com/2019/04/09/movies/amazing-grace-aretha-franklin-sydney-pollack.html?partner=bloomberg"
"0","https://www.nytimes.com/2019/04/10/science/falcon-heavy-launch-spacex.html?partner=bloomberg"
"0","https://www.nytimes.com/2019/04/10/arts/design/bqe-construction-nyc.html?partner=bloomberg"
"0","https://www.nytimes.com/2019/04/09/nyregion/pedro-hernandez-bail-arrest.html?partner=bloomberg"
"0","https://www.nytimes.com/2019/04/09/business/romania-coal-towns.html?partner=bloomberg"
"0","https://www.nytimes.com/2019/04/09/nyregion/fdny-firefighter-killed-afghanistan.html?partner=bloomberg"
"0","https://www.nytimes.com/2019/04/10/us/politics/william-barr-jeffrey-rosen-hearings.html?partner=bloomberg"
"0","https://www.nytimes.com/2019/04/10/us/politics/trump-tax-returns-treasury.html?partner=bloomberg"
"0","https://www.nytimes.com/2019/04/09/sports/virginia-cavaliers-ncaa-final-four.html?partner=bloomberg"
"0","https://www.nytimes.com/2019/04/10/technology/personaltech/photo-organizing-apps.html?partner=bloomberg"
"0","https://www.nytimes.com/2019/04/09/arts/television/fosse-verdon-career-highlights.html?partner=bloomberg"
"0","https://www.nytimes.com/2019/04/09/world/europe/turkey-istanbul-erdogan-vote.html?partner=bloomberg"
"0","https://www.nytimes.com/2019/04/10/theater/norma-jeane-baker-of-troy-review.html?partner=bloomberg"
"1","https://www.nytimes.com/2019/04/10/opinion/netanyahu-trump-israel-election.html?partner=bloomberg"
"0","https://www.nytimes.com/2019/04/10/books/review/women-talking-miriam-toews.html?partner=bloomberg"
"0","https://www.nytimes.com/2019/04/10/us/politics/elizabeth-warren-taxes.html?partner=bloomberg"
"1","https://www.nytimes.com/2019/04/09/opinion/trump-stock-market-results.html?partner=bloomberg"
"0","https://www.nytimes.com/2019/04/10/us/politics/william-barr-jeffrey-rosen-hearings.html?partner=bloomberg"
"1","https://www.nytimes.com/2019/04/10/opinion/venezuela-colombia-migrant.html?partner=bloomberg"
"0","https://www.nytimes.com/2019/04/10/science/homo-luzonensis-philippines-evolution.html?partner=bloomberg"
"0","https://www.nytimes.com/2019/04/09/fashion/weddings/their-first-date-lasted-18-days.html?partner=bloomberg"
"0","https://www.nytimes.com/2019/04/09/us/politics/mick-mulvaney-homeland-security.html?partner=bloomberg"
"0","https://www.nytimes.com/2019/04/10/world/asia/new-zealand-guns-jacinda-ardern.html?partner=bloomberg"
"0","https://www.nytimes.com/2019/04/10/climate/auto-emissions-cafe-rollback-trump.html?partner=bloomberg"
"0","https://www.nytimes.com/2019/04/10/well/live/very-low-cholesterol-may-increase-stroke-risk.html?partner=bloomberg"
"0","https://www.nytimes.com/2019/04/10/world/middleeast/israel-election-netanyahu-gantz-winner.html?partner=bloomberg"
"0","https://www.nytimes.com/2019/04/09/us/politics/mick-mulvaney-homeland-security.html?partner=bloomberg"
"0","https://www.nytimes.com/2019/04/10/obituaries/charles-van-doren-dead.html?partner=bloomberg"
"0","https://www.nytimes.com/2019/04/10/world/americas/brazil-rio-caimans-favela.html?partner=bloomberg"
"1","https://www.nytimes.com/2019/04/10/opinion/netanyahu-israel-election.html?partner=bloomberg"
"1","https://www.nytimes.com/2019/04/10/opinion/netanyahu-israel-election.html?partner=bloomberg"
"0","https://www.nytimes.com/2019/04/09/sports/luis-severino-yankees.html?partner=bloomberg"
"0","https://www.nytimes.com/2019/04/10/us/denver-weather.html?partner=bloomberg"
"0","https://www.nytimes.com/2019/04/09/world/middleeast/israel-election-results.html?partner=bloomberg"
"0","https://www.nytimes.com/2019/04/09/nyregion/broadnax-seethaler-pietropola.html?partner=bloomberg"
"0","https://www.nytimes.com/2019/04/10/arts/television/our-planet-netflix-review.html?partner=bloomberg"
"1","https://www.nytimes.com/2019/04/09/opinion/doctors-drug-resistant-infections.html?partner=bloomberg"
"0","https://www.nytimes.com/2019/04/10/nyregion/nyc-specialized-schools.html?partner=bloomberg"
"0","https://www.nytimes.com/2019/04/09/nyregion/measles-vaccination-williamsburg.html?partner=bloomberg"
"0","https://www.nytimes.com/2019/04/10/nyregion/nurses-strike-nyc.html?partner=bloomberg"
"0","https://www.nytimes.com/2019/04/10/dining/what-to-cook-tonight.html?partner=bloomberg"
"0","https://www.nytimes.com/2019/04/09/world/europe/poland-bialowieza-forest-logging.html?partner=bloomberg"
"0","https://www.nytimes.com/es/2019/04/09/universal/es/el-times-noticias-miercoles.html?partner=bloomberg"
"0","https://www.nytimes.com/2019/04/10/business/fisher-price-rock-n-play-recall-infant-deaths.html?partner=bloomberg"
"0","https://www.nytimes.com/2019/04/10/us/politics/fed-minutes-growth.html?partner=bloomberg"
"0","https://www.nytimes.com/2019/04/10/nyregion/museum-natural-history-scientists.html?partner=bloomberg"
"0","https://www.nytimes.com/2019/04/10/us/politics/william-barr-jeffrey-rosen-hearings.html?partner=bloomberg"
"0","https://www.nytimes.com/2019/04/10/briefing/israel-donald-trump-magic-johnson.html?partner=bloomberg"
"0","https://www.nytimes.com/2019/04/09/obituaries/ed-westcott-97-dead.html?partner=bloomberg"
"0","https://www.nytimes.com/2019/04/09/health/osteoporosis-evenity-bone-amgen.html?partner=bloomberg"
"1","https://www.nytimes.com/2019/04/10/opinion/sunday/privacy-religion.html?partner=bloomberg"
"0","https://www.nytimes.com/2019/04/10/arts/music/bruce-hornsby-absolute-zero-review.html?partner=bloomberg"
"0","https://www.nytimes.com/2019/04/10/world/middleeast/israel-election-netanyahu-gantz-winner.html?partner=bloomberg"
"0","https://www.nytimes.com/2019/04/10/world/middleeast/netanyahus-coalition-may-help-stave-off-indictment.html?partner=bloomberg"
"0","https://www.nytimes.com/2019/04/10/business/dealbook/national-enquirer-sale.html?partner=bloomberg"
"0","https://www.nytimes.com/2019/04/10/arts/design/art-galleries-new-york-what-to-see.html?partner=bloomberg"
"0","https://www.nytimes.com/2019/04/10/world/europe/uk-eu-brexit-extension.html?partner=bloomberg"
"0","https://www.nytimes.com/2019/04/09/nyregion/measles-vaccination-williamsburg.html?partner=bloomberg"
"0","https://www.nytimes.com/2019/04/09/world/middleeast/airbnb-israel-west-bank.html?partner=bloomberg"
"0","https://www.nytimes.com/2019/04/10/briefing/israel-india-black-hole.html?partner=bloomberg"
"0","https://www.nytimes.com/2019/04/10/us/denver-weather.html?partner=bloomberg"
"0","https://www.nytimes.com/2019/04/10/movies/key-grips-explainer.html?partner=bloomberg"
"0","https://www.nytimes.com/2019/04/10/us/politics/bernie-sanders-medicare-for-all.html?partner=bloomberg"
"0","https://www.nytimes.com/2019/04/10/technology/amazon-climate-change-letter.html?partner=bloomberg"
"0","https://www.nytimes.com/2019/04/10/arts/music/tayla-parx-ariana-grande-thank-u-next.html?partner=bloomberg"
"0","https://www.nytimes.com/2019/04/09/obituaries/ed-westcott-97-dead.html?partner=bloomberg"
"0","https://www.nytimes.com/2019/04/09/dining/best-cookbooks.html?partner=bloomberg"
"0","https://www.nytimes.com/2019/04/10/briefing/black-hole-william-barr-human-species.html?partner=bloomberg"
"0","https://www.nytimes.com/2019/04/09/parenting/i-love-throwing-my-kids-artwork-in-the-garbage-while-theyre-sleeping.html?partner=bloomberg"
"0","https://www.nytimes.com/2019/04/09/us/politics/asylum-seekers-trump-administration.html?partner=bloomberg"
"0","https://www.nytimes.com/2019/04/10/fashion/demonstration-clothing-women-sudan.html?partner=bloomberg"
"0","https://www.nytimes.com/2019/04/10/us/immigration-border-mexico.html?partner=bloomberg"
"0","https://www.nytimes.com/2019/04/10/theater/norma-jeane-baker-of-troy-review.html?partner=bloomberg"
"0","https://www.nytimes.com/2019/04/10/us/alaska-ice-melting.html?partner=bloomberg"
"0","https://www.nytimes.com/2019/04/10/technology/amazon-climate-change-letter.html?partner=bloomberg"
"0","https://www.nytimes.com/2019/04/10/us/politics/bernie-sanders-medicare-for-all.html?partner=bloomberg"
"0","https://www.nytimes.com/2019/04/10/science/black-hole-picture.html?partner=bloomberg"
"0","https://www.nytimes.com/2019/04/09/business/standard-chartered-sanctions-violations.html?partner=bloomberg"
"0","https://www.nytimes.com/2019/04/10/travel/cycling-tours-once-for-the-hard-core-now-offer-e-bikes.html?partner=bloomberg"
"0","https://www.nytimes.com/2019/04/09/nyregion/measles-vaccination-williamsburg.html?partner=bloomberg"
"1","https://www.nytimes.com/2019/04/10/opinion/screenless-internet.html?partner=bloomberg"
"0","https://www.nytimes.com/2019/04/10/world/middleeast/israel-election-netanyahu-gantz-winner.html?partner=bloomberg"
"1","https://www.nytimes.com/2019/04/10/opinion/insurance-ai.html?partner=bloomberg"
"0","https://www.nytimes.com/2019/04/10/science/hominins-human-evolution.html?partner=bloomberg"
"0","https://www.nytimes.com/2019/04/10/nyregion/rod-covlin-sentencing.html?partner=bloomberg"
"0","https://www.nytimes.com/2019/04/10/movies/stockholm-review.html?partner=bloomberg"
"0","https://www.nytimes.com/2019/04/10/travel/affordable-dining-in-paris.html?partner=bloomberg"
"0","https://www.nytimes.com/2019/04/10/well/family/parenting-teenager-pushing-buttons.html?partner=bloomberg"
"0","https://www.nytimes.com/2019/04/09/arts/design/lacma-design-peter-zumthor.html?partner=bloomberg"
"0","https://www.nytimes.com/2019/04/09/sports/chris-davis-hitless-streak.html?partner=bloomberg"
"0","https://www.nytimes.com/2019/04/10/sports/michigan-state-rape.html?partner=bloomberg"
"0","https://www.nytimes.com/2019/04/10/us/parkland-lawsuits-safety.html?partner=bloomberg"
"0","https://www.nytimes.com/2019/04/10/smarter-living/moviepass-amc-sinemia-movie-subscription.html?partner=bloomberg"
"0","https://www.nytimes.com/2019/04/10/us/lori-loughlin-felicity-huffman-admissions-scandal.html?partner=bloomberg"
"0","https://www.nytimes.com/2019/04/10/sports/magic-johnson-los-angeles-lakers-lebron-james.html?partner=bloomberg"
"0","https://www.nytimes.com/2019/04/10/technology/facebook-dead-users-happy-birthday.html?partner=bloomberg"
"0","https://www.nytimes.com/2019/04/10/us/politics/bernie-sanders-medicare-for-all.html?partner=bloomberg"
"0","https://www.nytimes.com/2019/04/10/climate/auto-emissions-cafe-rollback-trump.html?partner=bloomberg"
"1","https://www.nytimes.com/2019/04/09/opinion/insulin-drug-price-increase.html?partner=bloomberg"
"0","https://www.nytimes.com/2019/04/09/us/politics/donald-trump-video.html?partner=bloomberg"
"0","https://www.nytimes.com/2019/04/10/arts/hungary-opera-porgy-and-bess.html?partner=bloomberg"
"0","https://www.nytimes.com/2019/04/10/business/energy-environment/trump-oil-gas-pipelines.html?partner=bloomberg"
"0","https://www.nytimes.com/2019/04/09/arts/design/lacma-design-peter-zumthor.html?partner=bloomberg"
"0","https://www.nytimes.com/2019/04/09/nyregion/broadnax-seethaler-pietropola.html?partner=bloomberg"
"0","https://www.nytimes.com/2019/04/10/world/middleeast/netanyahu-cameras-arab-voter-turnout.html?partner=bloomberg"
"0","https://www.nytimes.com/2019/04/10/world/middleeast/israel-election-netanyahu-gantz-winner.html?partner=bloomberg"
"0","https://www.nytimes.com/2019/04/10/books/review/t-coraghessan-boyle-outside-looking-in.html?partner=bloomberg"
"0","https://www.nytimes.com/2019/04/09/world/middleeast/israel-election-results.html?partner=bloomberg"
"0","https://www.nytimes.com/2019/04/10/us/lori-loughlin-felicity-huffman-admissions-scandal.html?partner=bloomberg"
"0","https://www.nytimes.com/2019/04/10/us/denver-weather.html?partner=bloomberg"
"0","https://www.nytimes.com/2019/04/10/science/black-hole-picture.html?partner=bloomberg"
"0","https://www.nytimes.com/2019/04/10/world/middleeast/netanyahu-cameras-arab-voter-turnout.html?partner=bloomberg"
"0","https://www.nytimes.com/2019/04/10/us/politics/pete-buttigieg-sexuality-religion.html?partner=bloomberg"
"0","https://www.nytimes.com/2019/04/10/style/street-photographer-jean-andre-antoine.html?partner=bloomberg"
"0","https://www.nytimes.com/2019/04/10/world/australia/election-campaign-finance-scott-morrison.html?partner=bloomberg"
"0","https://www.nytimes.com/2019/04/09/us/politics/boeing-airbus-tariffs.html?partner=bloomberg"
"0","https://www.nytimes.com/2019/04/10/arts/television/friars-club-nyc.html?partner=bloomberg"
"0","https://www.nytimes.com/2019/04/10/us/politics/bernie-sanders-medicare-for-all.html?partner=bloomberg"
"0","https://www.nytimes.com/2019/04/10/t-magazine/laila-gohar-jeremiah-stone-america-future.html?partner=bloomberg"
"0","https://www.nytimes.com/2019/04/09/us/politics/trump-abdel-fattah-el-sisi.html?partner=bloomberg"
"0","https://www.nytimes.com/2019/04/10/science/black-hole-picture.html?partner=bloomberg"
"0","https://www.nytimes.com/2019/04/10/world/australia/vegans-protest-farms.html?partner=bloomberg"
"0","https://www.nytimes.com/2019/04/10/podcasts/the-daily/venezuela-blackout-maduro-guaido.html?partner=bloomberg"
"0","https://www.nytimes.com/2019/04/10/realestate/house-hunting-in-austria.html?partner=bloomberg"
"0","https://www.nytimes.com/2019/04/09/arts/television/fosse-verdon-career-highlights.html?partner=bloomberg"
"1","https://www.nytimes.com/2019/04/10/opinion/venezuela-julio-borges.html?partner=bloomberg"
"0","https://www.nytimes.com/2019/04/09/us/texas-tech-affirmative-action.html?partner=bloomberg"
"0","https://www.nytimes.com/2019/04/10/arts/television/friars-club-nyc.html?partner=bloomberg"
"0","https://www.nytimes.com/2019/04/10/world/middleeast/benjamin-netanyahu-israel-election.html?partner=bloomberg"
"0","https://www.nytimes.com/2019/04/10/movies/her-smell-review.html?partner=bloomberg"
"0","https://www.nytimes.com/2019/04/10/us/maryanne-trump-barry-misconduct-inquiry.html?partner=bloomberg"
"0","https://www.nytimes.com/2019/04/09/us/politics/democrats-candidates-grassroots-movement.html?partner=bloomberg"
"0","https://www.nytimes.com/2019/04/10/arts/andres-serrano-lets-objects-do-the-talking.html?partner=bloomberg"
"0","https://www.nytimes.com/2019/04/10/style/german-beauty.html?partner=bloomberg"
"0","https://www.nytimes.com/2019/04/10/world/middleeast/pompeo-congress-iran.html?partner=bloomberg"
"0","https://www.nytimes.com/2019/04/10/nyregion/nyc-specialized-schools.html?partner=bloomberg"
"0","https://www.nytimes.com/2019/04/09/sports/nhl-playoffs-tampa-bay-lightning.html?partner=bloomberg"
"0","https://www.nytimes.com/2019/04/10/us/politics/elizabeth-warren-taxes.html?partner=bloomberg"
"0","https://www.nytimes.com/2019/04/10/nyregion/nyc-gps-wireless.html?partner=bloomberg"
"0","https://www.nytimes.com/2019/04/10/magazine/lgbt-military-army.html?partner=bloomberg"
"0","https://www.nytimes.com/2019/04/09/arts/design/lacma-design-peter-zumthor.html?partner=bloomberg"
"0","https://www.nytimes.com/2019/04/09/us/politics/bernie-sanders-millionaire-net-worth-taxes.html?partner=bloomberg"
"0","https://www.nytimes.com/2019/04/10/learning/17-foot-python.html?partner=bloomberg"
"0","http://www.washingtonpost.com/politics/fact-checker/trump-digs-in-on-false-claim-that-he-stopped-obamas-family-separation-policy/2019/04/10/4a42c8b0-ddeb-4ee2-84cd-ca03e1893716_story.html"
"0","https://www.nytimes.com/2019/04/02/sports/porzingis-rape-investigation-mavericks.html?partner=bloomberg"
"0","https://www.nytimes.com/2019/04/02/us/politics/trump-mexico-border-economy.html?partner=bloomberg"
"0","https://www.nytimes.com/2019/04/02/business/media/media-companies-take-a-big-gamble-on-apple.html?partner=bloomberg"
"0","https://www.nytimes.com/2019/04/02/technology/cryptocurrency-bust-wall-street.html?partner=bloomberg"
"0","https://www.nytimes.com/2019/04/02/world/europe/trump-nato-military-spending.html?partner=bloomberg"
"0","https://www.nytimes.com/2019/04/01/technology/india-elections-facebook.html?partner=bloomberg"
"0","https://www.nytimes.com/2019/04/02/obituaries/charles-sanna-dead.html?partner=bloomberg"
"0","https://www.nytimes.com/2019/04/02/technology/cryptocurrency-bust-wall-street.html?partner=bloomberg"
"0","https://www.nytimes.com/2019/04/01/us/politics/kamala-harris-fundraising-2020.html?partner=bloomberg"
"0","https://www.nytimes.com/2019/04/02/briefing/brexit-india-lion-air-your-wednesday-briefing.html?partner=bloomberg"
"0","https://www.nytimes.com/2019/04/02/briefing/security-clearance-chicago-nipsey-hussle.html?partner=bloomberg"
"0","https://www.nytimes.com/2019/04/01/arts/television/hannah-gadsby-australia.html?partner=bloomberg"
"0","https://www.nytimes.com/2019/04/02/health/americans-health-care-debt-borrowing.html?partner=bloomberg"
"0","https://www.nytimes.com/2019/04/02/us/lesley-mcspadden-election-ferguson.html?partner=bloomberg"
"0","https://www.nytimes.com/2019/04/02/world/americas/trump-funding-central-america.html?partner=bloomberg"
"0","https://www.nytimes.com/2019/04/01/business/economy/stephen-moore-divorce.html?partner=bloomberg"
"0","https://www.nytimes.com/2019/04/02/world/asia/philippines-duterte-drug-war.html?partner=bloomberg"
"1","https://www.nytimes.com/2019/04/02/opinion/fighting-sex-trafficking-at-the-truck-stop.html?partner=bloomberg"
"0","https://www.nytimes.com/2019/04/01/us/politics/kamala-harris-fundraising-2020.html?partner=bloomberg"
"1","https://www.nytimes.com/2019/04/02/opinion/joe-biden-metoo-president.html?partner=bloomberg"
"0","https://www.nytimes.com/2019/04/01/us/politics/trump-border-closing-economy.html?partner=bloomberg"
"0","https://www.nytimes.com/2019/04/02/us/politics/prepublication-censorship-system.html?partner=bloomberg"
"0","https://www.nytimes.com/2019/04/02/nyregion/mta-cuomo-congestion-pricing.html?partner=bloomberg"
"0","https://www.nytimes.com/2019/04/01/technology/burger-king-impossible-whopper.html?partner=bloomberg"
"0","https://www.nytimes.com/2019/04/01/world/europe/turkey-erdogan-election-loss.html?partner=bloomberg"
"0","https://www.nytimes.com/2019/04/01/reader-center/natasha-lyonne-crossword-puzzle.html?partner=bloomberg"
"1","https://www.nytimes.com/2019/04/01/opinion/trump-border-mexico.html?partner=bloomberg"
"0","https://www.nytimes.com/2019/04/01/nyregion/karina-vetrano-trial-verdict.html?partner=bloomberg"
"0","https://www.nytimes.com/2019/04/02/fashion/weddings/a-destination-wedding-with-cultural-significance.html?partner=bloomberg"
"0","https://www.nytimes.com/2019/04/02/world/europe/turkey-elections-erdogan.html?partner=bloomberg"
"0","https://www.nytimes.com/2019/04/01/us/politics/pete-buttiegieg-fundraising.html?partner=bloomberg"
"0","https://www.nytimes.com/2019/04/01/nyregion/new-york-budget-progressive-democrats.html?partner=bloomberg"
"0","https://www.nytimes.com/2019/04/02/us/puerto-rico-trump-san-juan-mayor-rossello.html?partner=bloomberg"
"0","https://www.nytimes.com/es/2019/04/01/universal/es/el-times-noticias-martes.html?partner=bloomberg"
"0","https://www.nytimes.com/2019/04/02/travel/european-delayed-or-canceled-flight-compensation.html?partner=bloomberg"
"0","https://www.nytimes.com/2019/04/02/health/klotho-brain-enhancement-dementia-alzheimers.html?partner=bloomberg"
"0","https://www.nytimes.com/2019/04/02/business/equal-pay-day.html?partner=bloomberg"
"0","https://www.nytimes.com/2019/04/02/us/arctic-oil-drilling-well-data.html?partner=bloomberg"
"0","https://www.nytimes.com/2019/04/02/us/nipsey-hussle-eric-holder.html?partner=bloomberg"
"0","https://www.nytimes.com/2019/04/02/arts/television/stephen-colbert-joe-biden-misconduct.html?partner=bloomberg"
"1","https://www.nytimes.com/2019/04/02/opinion/fcc-wireless-regulation.html?partner=bloomberg"
"0","https://www.nytimes.com/2019/04/02/dining/zagat-guide-infatuation.html?partner=bloomberg"
"0","https://www.nytimes.com/2019/04/02/learning/learning-with-adaptive-video-game-controllers-open-worlds-for-gamers-with-disabilities.html?partner=bloomberg"
"0","https://www.nytimes.com/2019/04/01/nyregion/karina-vetrano-trial-verdict.html?partner=bloomberg"
"0","https://www.nytimes.com/2019/04/02/books/review-women-talking-miriam-toews.html?partner=bloomberg"
"1","https://www.nytimes.com/2019/04/02/opinion/trump-border-mexico.html?partner=bloomberg"
"1","https://www.nytimes.com/2019/04/01/opinion/egypt-sisi-trump.html?partner=bloomberg"
"1","https://www.nytimes.com/2019/04/01/opinion/trump-border-mexico.html?partner=bloomberg"
"0","https://www.nytimes.com/2019/04/01/world/americas/trump-central-america-aid.html?partner=bloomberg"
"0","https://www.nytimes.com/2019/04/02/books/review/jericho-brown-tradition-poems.html?partner=bloomberg"
"0","https://www.nytimes.com/2019/04/02/magazine/letter-of-recommendation-personality-cafe.html?partner=bloomberg"
"0","https://www.nytimes.com/2019/04/01/business/economy/stephen-moore-divorce.html?partner=bloomberg"
"0","https://www.nytimes.com/2019/04/01/nyregion/new-york-budget-progressive-democrats.html?partner=bloomberg"
"0","https://www.nytimes.com/2019/04/01/us/politics/first-step-act-donald-trump.html?partner=bloomberg"
"0","https://www.nytimes.com/2019/04/01/us/raniya-wright-school-fight.html?partner=bloomberg"
"0","https://www.nytimes.com/2019/04/02/us/politics/prepublication-censorship-system.html?partner=bloomberg"
"0","https://www.nytimes.com/2019/04/02/arts/dance/martha-graham-pam-tanowitz-maxine-doyle.html?partner=bloomberg"
"0","https://www.nytimes.com/2019/04/02/nyregion/bowery-savings-bank-records.html?partner=bloomberg"
"0","https://www.nytimes.com/2019/04/02/briefing/security-clearance-chicago-nipsey-hussle.html?partner=bloomberg"
"0","https://www.nytimes.com/2019/04/02/dining/catering-new-york-city-hotbox-lee-brothers.html?partner=bloomberg"
"0","https://www.nytimes.com/2019/04/01/sports/yankees-giancarlo-stanton.html?partner=bloomberg"
"0","https://www.nytimes.com/2019/04/02/briefing/health-care-brexit-joe-biden.html?partner=bloomberg"
"1","https://www.nytimes.com/2019/04/02/opinion/trump-mueller-obamacare.html?partner=bloomberg"
"0","https://www.nytimes.com/2019/04/01/briefing/security-clearances-nipsey-hussle-april-fools.html?partner=bloomberg"
"0","https://www.nytimes.com/2019/04/01/smarter-living/stop-asking-kids-what-they-want-to-be-when-they-grow-up.html?partner=bloomberg"
"0","https://www.nytimes.com/2019/04/01/us/politics/kamala-harris-fundraising-2020.html?partner=bloomberg"
"0","https://www.nytimes.com/2019/04/02/us/trump-puerto-rico.html?partner=bloomberg"
"0","https://www.nytimes.com/2019/04/01/world/europe/turkey-erdogan-election-loss.html?partner=bloomberg"
"0","https://www.nytimes.com/2019/04/02/world/canada/quebec-montreal-head-scarf-religion.html?partner=bloomberg"
"0","https://www.nytimes.com/2019/04/02/movies/dumbo-michael-buffer-lets-get-ready-to-rumble.html?partner=bloomberg"
"0","https://www.nytimes.com/2019/04/01/nyregion/karina-vetrano-trial-verdict.html?partner=bloomberg"
"0","https://www.nytimes.com/2019/04/01/us/politics/trump-security-clearances.html?partner=bloomberg"
"0","https://www.nytimes.com/2019/04/01/us/politics/trump-security-clearances.html?partner=bloomberg"
"1","https://www.nytimes.com/2019/04/01/opinion/new-york-state-budget.html?partner=bloomberg"
"0","https://www.nytimes.com/2019/04/02/nyregion/nyc-property-tax-assessments.html?partner=bloomberg"
"0","https://www.nytimes.com/2019/04/02/world/europe/plastic-whale-dead-italy.html?partner=bloomberg"
"0","https://www.nytimes.com/2019/04/01/sports/-zion-williamson-world-cup.html?partner=bloomberg"
"0","https://www.nytimes.com/2019/04/02/style/tiny-modern-love-stories-i-kept-falling-in-love-with-other-people.html?partner=bloomberg"
"0","https://www.nytimes.com/2019/04/01/world/africa/algeria-bouteflika-resign.html?partner=bloomberg"
"0","https://www.nytimes.com/2019/04/02/dining/catering-new-york-city-hotbox-lee-brothers.html?partner=bloomberg"
"0","https://www.nytimes.com/2019/04/01/sports/yankees-giancarlo-stanton.html?partner=bloomberg"
"0","https://www.nytimes.com/2019/04/02/business/wynn-resorts-sexual-misconduct-steve-wynn.html?partner=bloomberg"
"0","https://www.nytimes.com/2019/04/01/smarter-living/how-to-make-your-phone-limit-your-screen-time-for-you.html?partner=bloomberg"
"0","https://www.nytimes.com/2019/04/02/health/mozambique-cyclone-flooding-cholera.html?partner=bloomberg"
"0","https://www.nytimes.com/2019/04/02/world/asia/nasa-india-space-debris.html?partner=bloomberg"
"0","https://www.nytimes.com/2019/04/02/us/politics/obamacare-donald-trump.html?partner=bloomberg"
"0","https://www.nytimes.com/2019/04/01/us/politics/joe-biden-amy-lappos.html?partner=bloomberg"
"0","https://www.nytimes.com/2019/04/01/business/economy/stephen-moore-divorce.html?partner=bloomberg"
"0","https://www.nytimes.com/2019/04/01/world/americas/trump-central-america-aid.html?partner=bloomberg"
"0","https://www.nytimes.com/2019/04/02/us/virginia-scandal-northam-fairfax.html?partner=bloomberg"
"0","https://www.nytimes.com/2019/04/01/nyregion/new-york-congestion-pricing.html?partner=bloomberg"
"0","https://www.nytimes.com/2019/04/01/world/africa/algeria-bouteflika-resign.html?partner=bloomberg"
"0","https://www.nytimes.com/2019/04/02/us/chicago-election-results.html?partner=bloomberg"
"1","https://www.nytimes.com/2019/04/02/opinion/joe-biden-inappropriate-touching.html?partner=bloomberg"
"0","https://www.nytimes.com/2019/04/02/books/review/ben-shapiro-the-right-side-of-history-michael-a-cohen-micah-zenko-clear-and-present-safety.html?partner=bloomberg"
"1","https://www.nytimes.com/2019/04/02/opinion/fighting-sex-trafficking-at-the-truck-stop.html?partner=bloomberg"
"0","https://www.nytimes.com/2019/04/02/books/review/last-stone-mark-bowden.html?partner=bloomberg"
"0","https://www.nytimes.com/2019/04/02/business/airlines-cameras-privacy.html?partner=bloomberg"
"0","https://www.nytimes.com/2019/04/02/lens/elia-alba-supper-club.html?partner=bloomberg"
"0","https://www.nytimes.com/2019/04/01/us/politics/trump-putin-venezuela-red-line.html?partner=bloomberg"
"0","https://www.nytimes.com/2019/04/02/sports/porzingis-rape-investigation-mavericks.html?partner=bloomberg"
"1","https://www.nytimes.com/2019/04/01/opinion/trump-central-america-aid.html?partner=bloomberg"
"0","https://www.nytimes.com/2019/04/02/us/chicago-election-lightfoot-preckwinkle.html?partner=bloomberg"
"0","https://www.nytimes.com/2019/04/02/learning/would-you-want-to-live-a-life-without-ever-feeling-pain.html?partner=bloomberg"
"0","https://www.nytimes.com/2019/04/01/sports/-zion-williamson-world-cup.html?partner=bloomberg"
"0","https://www.nytimes.com/2019/04/02/technology/for-him-for-hers-get-roman.html?partner=bloomberg"
"0","https://www.nytimes.com/2019/04/01/business/economy/labor-department-joint-employer.html?partner=bloomberg"
"0","https://www.nytimes.com/2019/04/02/world/europe/naked-police-officer-arrest-sweden.html?partner=bloomberg"
"0","https://www.nytimes.com/2019/04/01/world/africa/algeria-bouteflika-resign.html?partner=bloomberg"
"0","https://www.nytimes.com/2019/04/02/dining/standad-grill-review.html?partner=bloomberg"
"0","https://www.nytimes.com/2019/04/02/us/nipsey-hussle-eric-holder.html?partner=bloomberg"
"0","https://www.nytimes.com/2019/04/02/theater/death-in-venice-ivo-van-hove-nico-muhly.html?partner=bloomberg"
"0","https://www.nytimes.com/2019/04/02/us/politics/obamacare-aca-trump.html?partner=bloomberg"
"0","https://www.nytimes.com/2019/04/02/world/canada/trudeau-liberal-expel-minister.html?partner=bloomberg"
"0","https://www.nytimes.com/2019/04/02/nyregion/nyc-property-tax-assessments.html?partner=bloomberg"
"0","https://www.nytimes.com/2019/04/02/travel/new-york-city-52-places.html?partner=bloomberg"
"0","https://www.nytimes.com/2019/04/01/us/politics/joe-biden-amy-lappos.html?partner=bloomberg"
"0","https://www.nytimes.com/2019/04/01/us/politics/senate-disaster-relief-puerto-rico.html?partner=bloomberg"
"0","https://www.nytimes.com/2019/04/02/us/nipsey-hussle-eric-holder.html?partner=bloomberg"
"0","https://www.nytimes.com/2019/04/01/us/politics/pete-buttiegieg-fundraising.html?partner=bloomberg"
"0","https://www.nytimes.com/2019/04/01/books/new-books-april.html?partner=bloomberg"
"0","https://www.nytimes.com/2019/04/02/nyregion/newyorktoday/nyc-news-women-equal-pay-day.html?partner=bloomberg"
"1","https://www.nytimes.com/2019/04/02/opinion/fcc-wireless-regulation.html?partner=bloomberg"
"0","https://www.nytimes.com/2019/04/02/us/politics/democrats-budget-spending-caps.html?partner=bloomberg"
"0","https://www.nytimes.com/2019/04/02/well/live/rituals-of-honor-in-hospital-hallways.html?partner=bloomberg"
"0","http://www.washingtonpost.com/lifestyle/food/bryce-harpers-affection-for-the-silver-diner-makes-him-seem-almost-human/2019/04/02/db818e37-48c4-482a-9f27-551b5473d27b_story.html"
"0","https://www.nytimes.com/2019/04/02/us/chicago-mayor-black-woman.html?partner=bloomberg"
"0","https://www.nytimes.com/2019/04/01/world/europe/ukraine-presidential-election-runoff.html?partner=bloomberg"
"0","https://www.nytimes.com/2019/04/02/theater/death-in-venice-ivo-van-hove-nico-muhly.html?partner=bloomberg"
"0","http://www.washingtonpost.com/realestate/refurbishing-your-garage-here-are-some-ideas-that-will-make-you-the-envy-of-your-neighborhood/2019/04/02/58cfa20d-cb37-424e-8ae4-79e63ccc1975_story.html"
"0","https://www.nytimes.com/2019/04/01/sports/santa-anita-horse-deaths.html?partner=bloomberg"
"0","https://www.nytimes.com/2019/04/02/arts/dance/martha-graham-pam-tanowitz-maxine-doyle.html?partner=bloomberg"
"0","https://www.nytimes.com/2019/04/02/world/middleeast/israel-election-menachem-begin.html?partner=bloomberg"
"0","https://www.nytimes.com/2019/04/02/world/middleeast/iran-floods-trump-sanctions.html?partner=bloomberg"
"0","https://www.nytimes.com/2019/04/02/fashion/weddings/a-destination-wedding-with-cultural-significance.html?partner=bloomberg"
"1","https://www.nytimes.com/2019/04/01/opinion/joe-biden-lucy-flores.html?partner=bloomberg"
"0","https://www.nytimes.com/2019/04/02/us/nipsey-hussle-stampede.html?partner=bloomberg"
"0","https://www.nytimes.com/2019/04/02/business/dealbook/lyft-ipo-shares.html?partner=bloomberg"
"0","https://www.nytimes.com/2019/04/02/obituaries/charles-sanna-dead.html?partner=bloomberg"
"0","https://www.nytimes.com/2019/04/02/reader-center/israel-election-netanyahu.html?partner=bloomberg"
"0","https://www.nytimes.com/2019/04/02/world/europe/rome-jewels-etruscan-museum.html?partner=bloomberg"
"0","https://www.nytimes.com/2019/04/02/briefing/brexit-india-lion-air-your-wednesday-briefing.html?partner=bloomberg"
"0","https://www.nytimes.com/2019/04/02/us/lesley-mcspadden-election-ferguson.html?partner=bloomberg"
"0","http://www.washingtonpost.com/politics/fact-checker/mick-mulvaneys-nonsensical-math-on-obamacare/2019/04/02/e120f2f2-e67b-4adc-a83a-75429152a835_story.html"
"0","https://www.nytimes.com/2019/04/02/learning/referees.html?partner=bloomberg"
"1","https://www.nytimes.com/2019/04/02/opinion/government-censorship.html?partner=bloomberg"
"1","https://www.nytimes.com/2019/04/02/opinion/joe-biden-2020-presidential-campaign.html?partner=bloomberg"
"0","https://www.nytimes.com/2019/04/02/sports/yankees-injuries-miguel-andujar.html?partner=bloomberg"
"0","https://www.nytimes.com/2019/04/01/us/politics/tricia-newbold-whistle-blower-white-house.html?partner=bloomberg"
"0","https://www.nytimes.com/2019/04/02/us/robin-hayes-nc-indictment.html?partner=bloomberg"
"0","https://www.nytimes.com/2019/04/02/dining/zagat-guide-infatuation.html?partner=bloomberg"
"0","https://www.nytimes.com/2019/04/02/style/modern-love-college-students-100-word-tiny-love-stories.html?partner=bloomberg"
"0","https://www.nytimes.com/2019/04/01/us/nipsey-hussle-death-la-marathon-clothing.html?partner=bloomberg"
"0","https://www.nytimes.com/2019/04/02/insider/generation-z.html?partner=bloomberg"
"0","https://www.nytimes.com/2019/04/01/reader-center/natasha-lyonne-crossword-puzzle.html?partner=bloomberg"
"0","https://www.nytimes.com/2019/04/02/magazine/taylor-mac-gary-broadway.html?partner=bloomberg"
"1","https://www.nytimes.com/2019/04/02/opinion/joe-biden-2020-presidential-campaign.html?partner=bloomberg"
"0","https://www.nytimes.com/2019/04/02/travel/new-york-city-52-places.html?partner=bloomberg"
"0","https://www.nytimes.com/2019/04/02/world/canada/trudeau-liberal-expel-minister.html?partner=bloomberg"
"0","https://www.nytimes.com/2019/04/02/movies/christ-stopped-at-eboli-levi-rosi.html?partner=bloomberg"
"0","https://www.nytimes.com/2019/04/02/books/review/barry-lopez-horizon-environment-ecology-travel.html?partner=bloomberg"
"0","https://www.nytimes.com/2019/04/02/us/politics/bernie-sanders-fundraising-18-million-2020.html?partner=bloomberg"
"0","https://www.nytimes.com/2019/04/02/nyregion/murders-brooklyn-gangs-nyc.html?partner=bloomberg"
"0","https://www.nytimes.com/2019/04/01/business/economy/stephen-moore-divorce.html?partner=bloomberg"
"0","https://www.nytimes.com/2019/04/02/magazine/how-to-dig-up-a-grave.html?partner=bloomberg"
"0","https://www.nytimes.com/2019/04/02/nyregion/murders-brooklyn-gangs-nyc.html?partner=bloomberg"
"0","https://www.nytimes.com/2019/04/02/style/tiny-modern-love-stories-i-kept-falling-in-love-with-other-people.html?partner=bloomberg"
"0","https://www.nytimes.com/2019/04/02/business/new-york-marketplace-remembers-its-immigrant-past.html?partner=bloomberg"
"0","http://www.washingtonpost.com/lifestyle/food/kourtney-kardashian-has-a-signature-salad-recipe-and-we-have-questions/2019/04/02/6c2d8926-eabc-4ca0-9481-22b71157fa95_story.html"
"0","https://www.nytimes.com/2019/04/01/us/politics/tricia-newbold-whistle-blower-white-house.html?partner=bloomberg"
"0","https://www.nytimes.com/2019/04/01/us/raniya-wright-school-fight.html?partner=bloomberg"
"0","https://www.nytimes.com/2019/04/02/sports/nwhl-nhl.html?partner=bloomberg"
"1","https://www.nytimes.com/2019/04/02/opinion/joe-biden-metoo-president.html?partner=bloomberg"
"0","https://www.nytimes.com/2019/04/02/nyregion/murders-brooklyn-gangs-nyc.html?partner=bloomberg"
"0","http://www.washingtonpost.com/politics/fact-checker/mick-mulvaneys-nonsensical-math-on-obamacare/2019/04/02/e120f2f2-e67b-4adc-a83a-75429152a835_story.html"
"0","https://www.nytimes.com/2019/04/02/us/politics/prepublication-censorship-system.html?partner=bloomberg"
"0","https://www.nytimes.com/2019/04/02/technology/for-him-for-hers-get-roman.html?partner=bloomberg"
"0","https://www.nytimes.com/2019/04/01/pageoneplus/corrections-april-2-2019.html?partner=bloomberg"
"0","http://www.washingtonpost.com/lifestyle/food/kourtney-kardashian-has-a-signature-salad-recipe-and-we-have-questions/2019/04/02/6c2d8926-eabc-4ca0-9481-22b71157fa95_story.html"
"0","https://www.nytimes.com/2019/04/01/us/nipsey-hussle-death-la-marathon-clothing.html?partner=bloomberg"
"0","https://www.nytimes.com/2019/03/31/nyregion/kalman-yeger-israel-palestine.html?partner=bloomberg"
"1","https://www.nytimes.com/2019/04/01/opinion/pete-buttigieg-2020.html?partner=bloomberg"
"0","https://www.nytimes.com/2019/04/01/us/politics/senate-disaster-relief-puerto-rico.html?partner=bloomberg"
"0","http://www.washingtonpost.com/lifestyle/food/bryce-harpers-affection-for-the-silver-diner-makes-him-seem-almost-human/2019/04/02/db818e37-48c4-482a-9f27-551b5473d27b_story.html"
"0","https://www.nytimes.com/2019/04/02/world/europe/uk-may-brexit-barnier-eu.html?partner=bloomberg"
"0","https://www.nytimes.com/2019/04/02/podcasts/the-daily/black-students-nyc-high-school.html?partner=bloomberg"
"0","https://www.nytimes.com/2019/04/01/us/politics/pete-buttiegieg-fundraising.html?partner=bloomberg"
"1","https://www.nytimes.com/2019/04/02/opinion/brexit-news.html?partner=bloomberg"
"1","https://www.nytimes.com/2019/04/02/opinion/joe-biden-2020-presidential-campaign.html?partner=bloomberg"
"0","https://www.nytimes.com/2019/04/02/us/bald-eagles-trash-seattle.html?partner=bloomberg"
"0","https://www.nytimes.com/2019/04/01/us/unc-unsung-founders-memorial.html?partner=bloomberg"
"0","https://www.nytimes.com/2019/04/02/business/airlines-cameras-privacy.html?partner=bloomberg"
"0","https://www.nytimes.com/2019/04/01/books/susan-choi-trust-exercise-review.html?partner=bloomberg"
"0","https://www.nytimes.com/2019/04/02/briefing/health-care-brexit-joe-biden.html?partner=bloomberg"
"0","https://www.nytimes.com/2019/04/02/nyregion/bowery-savings-bank-records.html?partner=bloomberg"
"0","https://www.nytimes.com/2019/04/02/parenting/spanking-children.html?partner=bloomberg"
"0","https://www.nytimes.com/2019/04/02/us/mar-a-lago-zhang-chinese-secret-service.html?partner=bloomberg"
"0","https://www.nytimes.com/2019/04/02/business/media/disney-gender-discrimination-lawsuit.html?partner=bloomberg"
"1","https://www.nytimes.com/2019/04/02/opinion/turkey-erdogan-election-defeat.html?partner=bloomberg"
"0","https://www.nytimes.com/2019/04/02/movies/agnes-varda-memory.html?partner=bloomberg"
"0","https://www.nytimes.com/2019/04/02/us/sharp-grossmont-hospital-recording-women.html?partner=bloomberg"
"0","https://www.nytimes.com/2019/04/02/books/review/last-stone-mark-bowden.html?partner=bloomberg"
"0","https://www.nytimes.com/2019/04/01/business/economy/stephen-moore-divorce.html?partner=bloomberg"
"0","https://www.nytimes.com/2019/04/02/books/review/barry-lopez-horizon-environment-ecology-travel.html?partner=bloomberg"
"0","https://www.nytimes.com/2019/04/02/world/asia/boeing-max-8-lion-air.html?partner=bloomberg"
"0","https://www.nytimes.com/2019/04/02/us/california-san-francisco-homelessness-nipsey-hussle.html?partner=bloomberg"
"0","http://www.washingtonpost.com/lifestyle/food/bryce-harpers-affection-for-the-silver-diner-makes-him-seem-almost-human/2019/04/02/db818e37-48c4-482a-9f27-551b5473d27b_story.html"
"0","https://www.nytimes.com/2019/04/02/briefing/brexit-erdogan-ukraine-security-clearance.html?partner=bloomberg"
"0","https://www.nytimes.com/2019/04/02/well/live/rituals-of-honor-in-hospital-hallways.html?partner=bloomberg"
"0","https://www.nytimes.com/2019/04/01/sports/-zion-williamson-world-cup.html?partner=bloomberg"
"0","https://www.nytimes.com/2019/04/01/us/nipsey-hussle-vigil.html?partner=bloomberg"
"0","https://www.nytimes.com/2019/04/01/us/politics/first-step-act-donald-trump.html?partner=bloomberg"
"0","https://www.nytimes.com/2019/04/01/us/politics/tricia-newbold-whistle-blower-white-house.html?partner=bloomberg"
"0","https://www.nytimes.com/2019/04/02/us/sharp-grossmont-hospital-recording-women.html?partner=bloomberg"
"0","https://www.nytimes.com/2019/04/02/arts/music/kings-college-choir-review.html?partner=bloomberg"
"0","https://www.nytimes.com/2019/04/02/magazine/taylor-mac-gary-broadway.html?partner=bloomberg"
"0","https://www.nytimes.com/2019/04/02/business/dealbook/lyft-ipo-shares.html?partner=bloomberg"
"0","https://www.nytimes.com/2019/04/02/us/chicago-election-lightfoot-preckwinkle.html?partner=bloomberg"
"0","https://www.nytimes.com/2019/04/02/us/nipsey-hussle-stampede.html?partner=bloomberg"
"0","https://www.nytimes.com/2019/04/02/dining/catering-lingo.html?partner=bloomberg"
"0","https://www.nytimes.com/2019/04/02/realestate/the-easy-way-to-create-a-smart-home.html?partner=bloomberg"
"0","https://www.nytimes.com/2019/04/02/us/virginia-scandal-northam-fairfax.html?partner=bloomberg"
"1","https://www.nytimes.com/2019/04/01/opinion/new-york-state-budget.html?partner=bloomberg"
"0","https://www.nytimes.com/2019/04/02/us/arctic-oil-drilling-well-data.html?partner=bloomberg"
"0","https://www.nytimes.com/2019/04/02/movies/agnes-varda-memory.html?partner=bloomberg"
"0","https://www.nytimes.com/es/2019/04/01/universal/es/el-times-noticias-martes.html?partner=bloomberg"
"0","https://www.nytimes.com/2019/04/02/us/politics/white-house-whistle-blower.html?partner=bloomberg"
"0","https://www.nytimes.com/2019/04/01/world/americas/mexico-migration-border.html?partner=bloomberg"
"0","https://www.nytimes.com/2019/04/01/pageoneplus/corrections-april-2-2019.html?partner=bloomberg"
"0","https://www.nytimes.com/2019/04/02/us/politics/prepublication-censorship-system.html?partner=bloomberg"
"0","https://www.nytimes.com/2019/04/01/world/europe/ukraine-presidential-election-runoff.html?partner=bloomberg"
"0","https://www.nytimes.com/2019/04/02/style/self-care/rickey-thompson-instagram.html?partner=bloomberg"
"0","https://www.nytimes.com/2019/04/02/sports/esports-league-of-legends.html?partner=bloomberg"
"0","https://www.nytimes.com/2019/04/02/sports/bob-bryan-hip-surgery.html?partner=bloomberg"
"0","http://www.washingtonpost.com/lifestyle/food/kourtney-kardashian-has-a-signature-salad-recipe-and-we-have-questions/2019/04/02/6c2d8926-eabc-4ca0-9481-22b71157fa95_story.html"
"0","https://www.nytimes.com/2019/04/02/nyregion/suny-new-paltz-slave-owners.html?partner=bloomberg"
"0","https://www.nytimes.com/2019/04/01/technology/lyft-stock.html?partner=bloomberg"
"0","https://www.nytimes.com/2019/04/02/nyregion/newyorktoday/nyc-news-women-equal-pay-day.html?partner=bloomberg"
"0","https://www.nytimes.com/2019/04/01/us/catherine-pugh-healthy-holly-book-scandal.html?partner=bloomberg"
"0","https://www.nytimes.com/2019/04/02/t-magazine/paul-anthony-smith-art.html?partner=bloomberg"
"0","https://www.nytimes.com/2019/04/02/books/review-women-talking-miriam-toews.html?partner=bloomberg"
"0","https://www.nytimes.com/2019/04/02/business/media/disney-gender-discrimination-lawsuit.html?partner=bloomberg"
"0","https://www.nytimes.com/2019/04/02/us/sharp-grossmont-hospital-recording-women.html?partner=bloomberg"
"0","https://www.nytimes.com/2019/04/01/us/politics/trump-border-closing-economy.html?partner=bloomberg"
"0","https://www.nytimes.com/2019/04/02/nyregion/newyorktoday/nyc-news-women-equal-pay-day.html?partner=bloomberg"
"0","https://www.nytimes.com/2019/04/02/us/chicago-election-lightfoot-preckwinkle.html?partner=bloomberg"
"0","https://www.nytimes.com/2019/04/02/learning/02WODLN.html?partner=bloomberg"
"0","https://www.nytimes.com/2019/04/02/us/politics/obamacare-aca-trump.html?partner=bloomberg"
"0","https://www.nytimes.com/2019/04/02/style/couples-therapy-podcasts.html?partner=bloomberg"
"0","https://www.nytimes.com/2019/04/02/us/trump-puerto-rico.html?partner=bloomberg"
"0","https://www.nytimes.com/2019/04/02/us/politics/trump-mexico-border-economy.html?partner=bloomberg"
"0","https://www.nytimes.com/2019/04/02/world/europe/uk-may-brexit-barnier-eu.html?partner=bloomberg"
"1","https://www.nytimes.com/2019/04/01/opinion/joe-biden-lucy-flores.html?partner=bloomberg"
"0","https://www.nytimes.com/2019/03/31/nyregion/kalman-yeger-israel-palestine.html?partner=bloomberg"
"0","https://www.nytimes.com/2019/04/01/arts/david-blaine-sexual-assault-investigation.html?partner=bloomberg"
"0","https://www.nytimes.com/2019/04/02/world/europe/rome-jewels-etruscan-museum.html?partner=bloomberg"
"0","https://www.nytimes.com/2019/04/02/world/europe/turkey-elections-erdogan.html?partner=bloomberg"
"0","https://www.nytimes.com/2019/04/01/us/politics/senate-disaster-relief-puerto-rico.html?partner=bloomberg"
"0","https://www.nytimes.com/2019/04/02/business/media/media-companies-take-a-big-gamble-on-apple.html?partner=bloomberg"
"0","https://www.nytimes.com/2019/04/02/us/politics/joe-biden-women-me-too.html?partner=bloomberg"
"0","https://www.nytimes.com/2019/04/02/world/asia/boeing-max-8-lion-air.html?partner=bloomberg"
"0","https://www.nytimes.com/2019/04/02/us/politics/trump-health-care-2020.html?partner=bloomberg"
"0","https://www.nytimes.com/2019/04/02/us/california-san-francisco-homelessness-nipsey-hussle.html?partner=bloomberg"
"0","https://www.nytimes.com/2019/04/01/world/asia/japan-emperor-era-reiwa.html?partner=bloomberg"
"0","https://www.nytimes.com/2019/04/01/sports/yankees-giancarlo-stanton.html?partner=bloomberg"
"0","https://www.nytimes.com/2019/04/02/us/politics/bernie-sanders-fundraising-18-million-2020.html?partner=bloomberg"
"0","https://www.nytimes.com/2019/04/02/health/americans-health-care-debt-borrowing.html?partner=bloomberg"
"0","https://www.nytimes.com/2019/04/02/us/border-patrol-protest-univ-of-arizona.html?partner=bloomberg"
"1","https://www.nytimes.com/2019/04/02/opinion/government-censorship.html?partner=bloomberg"
"0","https://www.nytimes.com/2019/04/01/business/economy/stephen-moore-divorce.html?partner=bloomberg"
"0","https://www.nytimes.com/2019/04/02/dining/nyc-restaurant-news.html?partner=bloomberg"
"0","https://www.nytimes.com/2019/04/02/world/europe/brexit-no-deal-outcomes.html?partner=bloomberg"
"0","https://www.nytimes.com/2019/04/02/sports/bryce-harper-nationals-phillies.html?partner=bloomberg"
"0","https://www.nytimes.com/2019/04/01/arts/television/hannah-gadsby-australia.html?partner=bloomberg"
"1","https://www.nytimes.com/2019/04/02/opinion/palestinian-peace-plan-us-aid.html?partner=bloomberg"
"0","https://www.nytimes.com/2019/04/01/us/politics/tricia-newbold-whistle-blower-white-house.html?partner=bloomberg"
"0","https://www.nytimes.com/2019/04/02/world/middleeast/iran-floods-trump-sanctions.html?partner=bloomberg"
"0","https://www.nytimes.com/2019/04/02/world/canada/quebec-montreal-head-scarf-religion.html?partner=bloomberg"
"0","https://www.nytimes.com/2019/04/02/us/politics/bernie-sanders-fundraising.html?partner=bloomberg"
"0","https://www.nytimes.com/2019/04/02/movies/the-wall-review.html?partner=bloomberg"
"0","https://www.nytimes.com/2019/04/01/world/canada/china-dissident-harassment-sheng-xue.html?partner=bloomberg"
"0","https://www.nytimes.com/2019/04/02/obituaries/what-they-left-behind.html?partner=bloomberg"
"0","https://www.nytimes.com/2019/04/02/arts/dance/martha-graham-pam-tanowitz-maxine-doyle.html?partner=bloomberg"
"0","https://www.nytimes.com/2019/04/02/parenting/child-discipline.html?partner=bloomberg"
"0","https://www.nytimes.com/2019/04/01/us/politics/kamala-harris-fundraising-2020.html?partner=bloomberg"
"0","https://www.nytimes.com/2019/04/02/us/politics/bernie-sanders-fundraising-18-million-2020.html?partner=bloomberg"
"1","https://www.nytimes.com/2019/04/02/opinion/vladimir-nabokov-literary-refugee.html?partner=bloomberg"
"0","https://www.nytimes.com/2019/04/02/briefing/security-clearance-chicago-nipsey-hussle.html?partner=bloomberg"
"0","https://www.nytimes.com/2019/04/01/briefing/security-clearances-nipsey-hussle-april-fools.html?partner=bloomberg"
"0","https://www.nytimes.com/2019/04/02/style/lip-gloss-trend.html?partner=bloomberg"
"0","https://www.nytimes.com/2019/04/01/world/europe/turkey-erdogan-election-loss.html?partner=bloomberg"
"0","https://www.nytimes.com/2019/04/01/sports/yankees-giancarlo-stanton.html?partner=bloomberg"
"1","https://www.nytimes.com/2019/04/02/opinion/turkey-erdogan-election-defeat.html?partner=bloomberg"
"0","https://www.nytimes.com/2019/04/02/world/middleeast/saudi-arabia-khashoggi-children-payments.html?partner=bloomberg"
"0","https://www.nytimes.com/2019/04/02/world/asia/philippines-duterte-drug-war.html?partner=bloomberg"
"0","https://www.nytimes.com/2019/04/02/books/review/ben-shapiro-the-right-side-of-history-michael-a-cohen-micah-zenko-clear-and-present-safety.html?partner=bloomberg"
"0","https://www.nytimes.com/2019/04/02/reader-center/atop-a-300-foot-ladder-a-swaying-tower-and-a-dose-of-empathy.html?partner=bloomberg"
"0","https://www.nytimes.com/2019/04/02/us/trump-puerto-rico.html?partner=bloomberg"
"0","https://www.nytimes.com/2019/04/02/business/equal-pay-day.html?partner=bloomberg"
"0","https://www.nytimes.com/2019/04/02/health/klotho-brain-enhancement-dementia-alzheimers.html?partner=bloomberg"
"0","https://www.nytimes.com/2019/04/02/world/americas/us-immigration-crackdown.html?partner=bloomberg"
"0","https://www.nytimes.com/2019/04/02/reader-center/russian-spies-reporting.html?partner=bloomberg"
"1","https://www.nytimes.com/2019/04/01/opinion/egypt-sisi-trump.html?partner=bloomberg"
"0","https://www.nytimes.com/2019/04/02/travel/european-delayed-or-canceled-flight-compensation.html?partner=bloomberg"
"0","https://www.nytimes.com/2019/04/02/briefing/brexit-india-lion-air-your-wednesday-briefing.html?partner=bloomberg"
"0","https://www.nytimes.com/2019/04/02/arts/national-endowment-for-the-humanities-grants.html?partner=bloomberg"
"0","https://www.nytimes.com/2019/04/01/sports/santa-anita-horse-deaths.html?partner=bloomberg"
"0","https://www.nytimes.com/2019/04/02/parenting/spanking-children.html?partner=bloomberg"
"0","https://www.nytimes.com/2019/04/02/us/chicago-mayor-election-results.html?partner=bloomberg"
"0","https://www.nytimes.com/2019/04/02/health/americans-health-care-debt-borrowing.html?partner=bloomberg"
"0","https://www.nytimes.com/2019/04/02/business/new-york-marketplace-remembers-its-immigrant-past.html?partner=bloomberg"
"0","https://www.nytimes.com/2019/04/02/smarter-living/wirecutter/how-to-find-a-sports-bra-that-actually-fits.html?partner=bloomberg"
"0","https://www.nytimes.com/2019/04/02/world/middleeast/saudi-arabia-khashoggi-children-payments.html?partner=bloomberg"
"0","https://www.nytimes.com/2019/04/02/health/americans-health-care-debt-borrowing.html?partner=bloomberg"
"0","https://www.nytimes.com/2019/04/02/world/europe/uk-may-brexit-barnier-eu.html?partner=bloomberg"
"0","https://www.nytimes.com/2019/04/02/world/africa/Abdelaziz-Bouteflika-resigns.html?partner=bloomberg"
"0","https://www.nytimes.com/2019/04/02/sports/ronald-acuna-contract-extension-atlanta-braves.html?partner=bloomberg"
"0","https://www.nytimes.com/2019/04/02/business/wynn-resorts-sexual-misconduct-steve-wynn.html?partner=bloomberg"
"0","https://www.nytimes.com/2019/04/02/nyregion/newyorktoday/nyc-news-women-equal-pay-day.html?partner=bloomberg"
"0","https://www.nytimes.com/2019/04/02/nyregion/nyc-property-tax-assessments.html?partner=bloomberg"
"0","https://www.nytimes.com/2019/04/01/arts/television/jane-the-virgin-crazy-ex-girlfriend-final-season.html?partner=bloomberg"
"0","https://www.nytimes.com/2019/04/01/nyregion/karina-vetrano-trial-verdict.html?partner=bloomberg"
"0","https://www.nytimes.com/2019/04/01/books/review/clive-thompson-coders.html?partner=bloomberg"
"0","https://www.nytimes.com/2019/04/02/lens/elia-alba-supper-club.html?partner=bloomberg"
"0","https://www.nytimes.com/2019/04/02/us/politics/trump-aca.html?partner=bloomberg"
"0","https://www.nytimes.com/2019/04/02/world/asia/boeing-max-8-lion-air.html?partner=bloomberg"
"0","https://www.nytimes.com/2019/04/01/world/canada/china-dissident-harassment-sheng-xue.html?partner=bloomberg"
"0","https://www.nytimes.com/2019/04/02/world/europe/uk-house-of-commons-protest.html?partner=bloomberg"
"0","https://www.nytimes.com/2019/04/02/world/europe/turkey-elections-erdogan.html?partner=bloomberg"
"0","https://www.nytimes.com/2019/04/02/health/klotho-brain-enhancement-dementia-alzheimers.html?partner=bloomberg"
"0","https://www.nytimes.com/2019/04/02/us/nipsey-hussle-eric-holder.html?partner=bloomberg"
"0","https://www.nytimes.com/2019/04/02/nyregion/bowery-savings-bank-records.html?partner=bloomberg"
